LWJC_x;LWJC_y;LWJC_z;LEJC_x;LEJC_y;LEJC_z;LGHJC_x;LGHJC_y;LGHJC_z
-561.5839002300536;282.5200523222198;1302.8634802502313;-13.3398;325.3135;1161.3851;443.4339;50.7662;651.7063
-521.502597202259;215.92339079435038;908.5957512324783;-13.4254;325.6294;1161.3406;443.5703;51.8643;651.7063
-519.0026032287428;213.9063981655423;897.1265502490742;-13.5317;325.9465;1161.2976;443.3327;51.8643;651.7063
-518.1315244836408;212.011684388444;893.6514579909168;-13.6163;326.2568;1161.2675;442.7757;51.8643;652.0598
-517.2350774918284;210.28555291071163;892.2075824864318;-13.6894;326.562;1161.2664;113.6411;-197.3544;1527.6917
-516.5836342940684;209.2114097528766;890.9832566611026;-13.7838;326.8725;1161.2482;113.6411;-197.3544;1560.5008
