LWJC_x;LWJC_y;LWJC_z;LEJC_x;LEJC_y;LEJC_z;LGHJC_x;LGHJC_y;LGHJC_z
-575.4904360280078;313.506139607148;1304.6383005076207;-31.9624;335.6011;1161.2608;59.6134;-194.4747;1561.4129
-556.1033360979776;283.1448507172779;1105.9313889828607;-32.5524;336.1962;1161.2902;NaN;NaN;NaN
-537.3829590157044;252.27574806329528;906.8914449743137;-33.1608;336.7673;1161.3138;NaN;NaN;NaN
-535.4648113882099;249.2458896737753;896.5385512388118;-33.7717;337.3277;1161.3411;NaN;NaN;NaN
-534.979696846564;248.22198893120105;893.7569393732131;-34.3351;337.8829;1161.3506;NaN;NaN;NaN
