LWJC_x;LWJC_y;LWJC_z;LEJC_x;LEJC_y;LEJC_z;LGHJC_x;LGHJC_y;LGHJC_z
-637.6031;164.9603;954.8672;-437.6466;115.5894;1078.591;-802.0717;7.437;1619.8929
-305.56327800576213;-621.1808581880179;995.2332605744102;-441.049;115.5894;1077.2724;-797.9605;3.5973;1622.6566
-295.57251877256505;-639.2623517250258;1004.9242748699019;-444.1305;115.5894;1075.8662;-797.509;-0.969;1622.8919
-291.37997706924943;-647.9799607614424;1008.318504436998;-447.5919;115.4334;1074.4104;-794.0259;-7.3739;1624.9524
-295.96170462850625;-652.0674772424817;1010.2863971271553;-450.8775;115.2631;1073.1664;-790.25;-11.329;1626.9622
-303.0054;-654.5733;1013.6457;-453.874;115.1278;1072.034;-788.9595;-13.6779;1628.0492
