LWJC_x;LWJC_y;LWJC_z;LEJC_x;LEJC_y;LEJC_z;LGHJC_x;LGHJC_y;LGHJC_z
-507.3790243877335;304.28451375037923;843.7416019613396;4.8528;282.7478;1133.3379;-20.1806;306.3917;1453.4645
-751.1597486784981;-393.6969877520861;1350.9242125159446;4.7775;282.4926;1133.3379;-20.3554;306.0246;1453.4473
-750.8777511134774;-418.7267880454516;1357.8428610405888;4.7119;282.1694;1133.3199;-20.5255;305.7337;1453.4217
-744.6162206443333;-421.5586113652886;1359.1747817849307;4.614;281.892;1133.2942;-20.7147;305.4135;1453.3705
-742.0242352798139;-433.8998960153168;1360.1887813051928;4.5179;281.5985;1133.2915;-20.927;305.0595;1453.3435
-719.3337551276961;-445.6668229857836;1350.1984788894474;4.4077;281.3278;1133.2835;-21.1767;304.641;1453.3044
