LWJC_x;LWJC_y;LWJC_z;LEJC_x;LEJC_y;LEJC_z;LGHJC_x;LGHJC_y;LGHJC_z
-369.4388425160778;-33.684408966310784;946.6678287854243;-102.5042;281.9331;1182.207;-199.4226;302.0796;1483.2772
-200.9462730376925;-431.70008553056397;1027.314362957832;-103.7608;278.9312;1182.1938;-200.369;299.623;1483.419
-200.8898360300496;-440.2664751605614;1029.8938384861592;-105.1048;276.0712;1182.1287;-201.2671;297.3182;1483.6291
-195.85657771750934;-439.09122330306576;1029.96510671678;-106.3905;273.3349;1182.108;-201.9417;295.1205;1483.9334
