LWJC_x;LWJC_y;LWJC_z;LEJC_x;LEJC_y;LEJC_z;LGHJC_x;LGHJC_y;LGHJC_z
-62.7762;320.7262;1355.7047;-31.9624;335.6011;1161.2608;59.6134;-194.4747;1561.4129
-42.118531947626735;288.0211351449701;1157.4983840614652;-32.58033948090111;336.1676623709361;1161.2771171009335;NaN;NaN;NaN
-22.123446014760752;255.69738645886906;958.8136460036438;-33.17479137488217;336.7533320644018;1161.299041651058;NaN;NaN;NaN
-20.132807479780496;255.36808021857416;948.0446787131766;-33.75880045081164;337.342063235412;1161.3169655879306;NaN;NaN;NaN
-19.6273;255.4792;945.0861;-34.3351;337.8829;1161.3506;NaN;NaN;NaN
