LWJC_x;LWJC_y;LWJC_z;LEJC_x;LEJC_y;LEJC_z;LGHJC_x;LGHJC_y;LGHJC_z
48.4285;269.7904;1389.132;21.3394;305.3149;1164.7746;NaN;NaN;NaN
-32.153518539109015;208.27318365973835;1002.7952721935978;20.3145;306.3066;1164.2037;NaN;NaN;NaN
-38.590923563259686;185.2380426216424;985.2186550950186;19.2692;307.2596;1163.5863;NaN;NaN;NaN
-42.48591962890205;176.3371316933905;980.8502685569526;17.9552;308.0829;1162.6882;-57.4898;335.9552;1472.8112
-34.734760597764726;165.15233570931787;983.3139264225442;16.6851;308.7402;1162.0139;-56.7306;336.6048;1472.7392
-28.38724744436644;157.52518216369555;984.4192298645613;15.366;309.3056;1161.1325;-55.8469;337.232;1472.6851
-23.157916899015536;151.4118424887489;984.2600208629822;14.0739;309.715;1160.3274;-55.0836;337.589;1472.6757
-18.596336154684238;145.5286278066539;983.7663036389281;12.8265;310.0565;1159.4879;-54.4942;337.7582;1472.622
-14.503025712120564;140.20178320743133;982.6995606865104;11.6573;310.3449;1158.7562;-53.9713;337.7582;1472.5088
-10.611633516945162;134.69199591485008;980.9646901023347;10.5524;310.5093;1157.9908;-53.4837;337.7582;1472.315
-6.7074;129.244;979.2212;9.5061;310.5656;1157.2662;-52.892;337.5528;1472.3053
