LWJC_x;LWJC_y;LWJC_z;LEJC_x;LEJC_y;LEJC_z;LGHJC_x;LGHJC_y;LGHJC_z
1.5097;195.6181;894.8518;4.8528;282.7478;1133.3379;-20.1806;306.3917;1453.4645
-242.5033291333427;-534.0014386881708;1355.2368440685293;4.769166769290667;282.49595621746295;1133.3184752241054;-20.405701130304582;306.0559519839131;1453.417425157151
-241.61822836191067;-550.1212436762352;1375.5790810775504;4.638409872002654;282.1927199241603;1133.3124765379398;-20.568779932925217;305.7612720925889;1453.3894743828316
-235.33403380695944;-552.6768682253165;1377.3046771947381;4.5601218731479;281.908028352887;1133.316642889012;-20.749071748780096;305.43207010281174;1453.3812871328382
-232.31586722444553;-558.5074983443537;1388.1189415185452;4.471679896304226;281.61278513312067;1133.2967882191845;-20.944474492462184;305.06951032631906;1453.3427583613661
-208.6516;-554.7162;1401.4888;4.4077;281.3278;1133.2835;-21.1767;304.641;1453.3044
