LWJC_x;LWJC_y;LWJC_z;LEJC_x;LEJC_y;LEJC_z;LGHJC_x;LGHJC_y;LGHJC_z
-45.7784;297.856;1360.0987;-18.8165;323.5825;1165.3329;436.1687;43.2926;656.4122
-2.429546860948349;229.25362190255132;967.0828318944699;-18.9704;323.7145;1165.3145;78.8845;-208.6157;1526.431
-1.0884589933101227;228.71220801201972;953.8770972000118;-19.1079;323.8458;1165.3049;78.8845;-208.6157;1559.962
0.7216315459199687;229.16163017610776;950.063698299003;-19.2439;323.97;1165.3;78.8845;-208.6157;1560.343
1.883397310856541;229.71496612302667;948.6073019802528;-19.3683;324.0873;1165.2953;78.9378;-208.322;1560.424
2.5023078650541053;230.29788564924624;947.671815271713;-19.485;324.2123;1165.2953;79.0622;-208.259;1560.5681
2.9636;230.6778;947.0202;-19.5849;324.3268;1165.2953;79.0622;-207.9535;1560.5839
