LWJC_x;LWJC_y;LWJC_z;LEJC_x;LEJC_y;LEJC_z;LGHJC_x;LGHJC_y;LGHJC_z
-509.2026;324.543;1309.5082;-22.8025;349.4071;1165.5074;108.2251;-161.368;1579.2968
-2.0701706450392585;246.65530854929148;935.9351404536309;-23.0476;350.0226;1165.4809;108.2251;-160.4328;1579.3264
3.2684790579263385;252.62343706125438;934.723128410076;-23.268;350.6503;1165.4306;108.2236;-159.8826;1579.3264
7.310439085731073;255.11797198811104;937.0492943569337;-23.4654;351.264;1165.3297;107.7049;-159.3111;1579.3264
7.7349227711351265;259.48401434013556;940.737789665478;-23.6421;351.9027;1165.2107;107.0423;-158.8953;1579.0929
8.38469994966365;261.9693554709622;942.9727990372;-23.7919;352.5647;1165.0504;106.3445;-158.4197;1578.899
8.860148689912736;263.2719750139262;944.2962647230731;-23.946;353.2522;1164.8568;105.4138;-158.204;1578.2553
9.156456269138543;263.841141081954;945.2934003083872;-24.0957;353.9333;1164.6249;104.5241;-157.8456;1577.7262
9.3473;264.0951;945.7825;-24.2289;354.6326;1164.3216;103.6729;-157.3538;1577.5389
