LWJC_x;LWJC_y;LWJC_z;LEJC_x;LEJC_y;LEJC_z;LGHJC_x;LGHJC_y;LGHJC_z
-522.7689236959817;225.12701941100588;894.0780881705723;-6.7465;306.159;1165.4033;71.9761;-241.7117;1547.0843
-557.8287768001319;290.0799494024193;1287.2855818847638;-6.804;306.8034;1165.4403;NaN;NaN;NaN
-559.9002066534111;294.51365437055296;1299.419572665974;-6.8483;307.4493;1165.4682;NaN;NaN;NaN
-560.5247381678244;295.3841710675052;1303.6298924777973;-6.902;308.0625;1165.5033;NaN;NaN;NaN
