LWJC_x;LWJC_y;LWJC_z;LEJC_x;LEJC_y;LEJC_z;LGHJC_x;LGHJC_y;LGHJC_z
-637.6031;164.9603;954.8672;-437.6466;115.5894;1078.591;-802.0717;7.437;1619.8929
-305.56327800576213;-621.1808581880179;995.2332605744102;-441.0052496801984;115.39707710585925;1077.177664954764;-800.1460875385475;1.555471568285793;1620.8843328899304
-305.54160046782596;-643.8269092061032;998.03099895221;-444.19427784563845;115.21870744706196;1076.0501347711988;-796.6021427077987;-0.31219207296274065;1623.1343554653208
-304.3684147708268;-653.9269950310512;999.3374480515047;-447.69816733921004;115.17657480534285;1074.6914726140233;-792.5081152327274;-6.108927871942691;1625.7871243923453
-302.9154902557001;-655.2514168646743;1005.4780943700908;-450.9294772447103;115.16149664171967;1073.3021870445318;-790.5579623568444;-11.374632456145171;1627.3391526951136
-303.0054;-654.5733;1013.6457;-453.874;115.1278;1072.034;-788.9595;-13.6779;1628.0492
