LWJC_x;LWJC_y;LWJC_z;LEJC_x;LEJC_y;LEJC_z;LGHJC_x;LGHJC_y;LGHJC_z
1.5097;195.6181;894.8518;4.8528;282.7478;1133.3379;-20.1806;306.3917;1453.4645
-242.50332913334265;-534.0014386881708;1355.2368440685293;4.7775;282.4926;1133.3379;-20.3554;306.0246;1453.4473
-238.29218772597602;-553.8129142843069;1371.491377144286;4.7119;282.1694;1133.3199;-20.5255;305.7337;1453.4217
-235.74892360497614;-552.2163698007392;1377.8145767554654;4.614;281.892;1133.2942;-20.7147;305.4135;1453.3705
-230.69944468021527;-560.3016134048521;1386.13235821572;4.5179;281.5985;1133.2915;-20.927;305.0595;1453.3435
-208.6516;-554.7162;1401.4888;4.4077;281.3278;1133.2835;-21.1767;304.641;1453.3044
