LWJC_x;LWJC_y;LWJC_z;LEJC_x;LEJC_y;LEJC_z;LGHJC_x;LGHJC_y;LGHJC_z
-222.1007;61.7654;1106.261;-102.5042;281.9331;1182.207;-199.4226;302.0796;1483.2772
-51.957322319501955;-335.90234041275556;1185.1386742864208;-103.7608;278.9312;1182.1938;-200.369;299.623;1483.419
-49.61095220180809;-344.36154500529574;1183.4134741930004;-105.1048;276.0712;1182.1287;-201.2671;297.3182;1483.6291
-49.4239;-344.228;1188.5775;-106.3905;273.3349;1182.108;-201.9417;295.1205;1483.9334
