LWJC_x;LWJC_y;LWJC_z;LEJC_x;LEJC_y;LEJC_z;LGHJC_x;LGHJC_y;LGHJC_z
-5.5013;224.9143;955.931;-3.2147;303.0114;1170.1561;53.4828;-230.3339;1572.1523
-5.428599916796852;224.65266987175713;956.2521515435085;-3.294822021760992;303.1575445000934;1170.151475422032;53.5080426230465;-230.06279724330625;1572.2785695739076
-5.256870278275944;224.00226933796;956.5875160718801;-3.382762259326327;303.302643674113;1170.153513635899;53.54813396073368;-229.7643880027316;1572.4049469048734
-5.232866599629706;223.76067153668524;956.8052065306299;-3.4743568508469527;303.4593711474699;1170.1546925758314;53.6570439513384;-229.3781045484307;1572.4874817270995
-46.167316163089055;310.5659039954784;1343.327719402159;-3.5730875805185525;303.62207224623745;1170.1585494499934;53.724271158729636;-229.09198196181123;1572.6020039869993
-48.7255;310.5985;1355.5924;-3.6815;303.813;1170.1655;53.801;-228.9671;1572.7449
