LWJC_x;LWJC_y;LWJC_z;LEJC_x;LEJC_y;LEJC_z;LGHJC_x;LGHJC_y;LGHJC_z
-34.5199;305.5649;1355.5698;-13.3398;325.3135;1161.3851;443.4339;50.7662;651.7063
4.596140023225004;231.84732655202998;962.4739807628521;-13.434254530251284;325.62981849698593;1161.3740831865057;443.08732647532895;49.50997531975989;652.285465291864
7.062354476599268;229.84298409051846;950.9952527019145;-13.511651934134136;325.95772807503397;1161.3604431536417;443.3768061406195;49.54900714119347;652.1425029395086
7.8586895971949815;230.44200889581668;947.0668937139473;-13.60336644410147;326.2665143836806;1161.3361795130686;443.91607498259424;49.5356670513919;651.8378638573092
8.67631893488029;231.59546051338125;945.0999277274356;-13.700867451770652;326.56033909304153;1161.2846775357038;133.38211900109997;-182.5021852786224;1538.910502885826
9.2806;232.2038;943.5696;-13.7838;326.8725;1161.2482;113.6411;-197.3544;1560.5008
