LWJC_x;LWJC_y;LWJC_z;LEJC_x;LEJC_y;LEJC_z;LGHJC_x;LGHJC_y;LGHJC_z
-5.5013;224.9143;955.931;-3.2147;303.0114;1170.1561;53.4828;-230.3339;1572.1523
-5.84496663207044;224.85015998215286;956.1647803330502;-3.3022;303.1531;1170.1641;53.5819;-230.0709;1572.2576
-6.540998912270304;224.61135430177842;956.318051993642;-3.385;303.3012;1170.1655;53.6777;-229.7856;1572.3843
-6.807423603351515;224.5075118221982;956.4747983920599;-3.4761;303.4582;1170.168;53.7365;-229.4515;1572.6141
-46.16731616308904;310.5659039954784;1343.327719402159;-3.5689;303.6244;1170.168;53.801;-229.1718;1572.7449
-48.7255;310.5985;1355.5924;-3.6815;303.813;1170.1655;53.801;-228.9671;1572.7449
