LWJC_x;LWJC_y;LWJC_z;LEJC_x;LEJC_y;LEJC_z;LGHJC_x;LGHJC_y;LGHJC_z
-512.2681827662996;230.42128583868745;902.0954153569339;-19.6721;329.1918;1164.1859;60.4231;-193.9673;1575.9419
-546.1606453188202;309.97677651672956;1294.5925775924356;-19.7983;329.272;1164.1832;NaN;NaN;NaN
-547.8272554410099;313.2486701580714;1306.5899812415744;-19.9272;329.358;1164.1774;NaN;NaN;NaN
-547.9690405803265;313.2485449063221;1310.5503079665532;-20.0569;329.4475;1164.1774;NaN;NaN;NaN
-547.8761044548554;313.2483744809331;1312.632451128667;-20.1431;329.5267;1164.1774;NaN;NaN;NaN
-547.7997882589557;312.9967586647564;1313.8942843899554;-20.2425;329.6101;1164.1919;NaN;NaN;NaN
-547.6722227228387;312.8518438395664;1314.5453452683953;-20.3697;329.7107;1164.2082;NaN;NaN;NaN
