LWJC_x;LWJC_y;LWJC_z;LEJC_x;LEJC_y;LEJC_z;LGHJC_x;LGHJC_y;LGHJC_z
-6.802;230.2623;945.7943;-19.6721;329.1918;1164.1859;60.4231;-193.9673;1575.9419
-41.610056430771344;307.87656304638;1338.5998789536338;-19.7983;329.272;1164.1832;NaN;NaN;NaN
-42.8704907809869;309.295833950448;1351.0021991788847;-19.9272;329.358;1164.1774;NaN;NaN;NaN
-42.76296955449579;310.7146307326143;1354.7008132012947;-20.0569;329.4475;1164.1774;NaN;NaN;NaN
-42.81913928784637;311.57514991837274;1356.5982612221892;-20.1431;329.5267;1164.1774;NaN;NaN;NaN
-42.6807010293503;312.26657273142996;1357.6772084878926;-20.2425;329.6101;1164.1919;NaN;NaN;NaN
-42.6575;312.693;1358.2052;-20.3697;329.7107;1164.2082;NaN;NaN;NaN
