LWJC_x;LWJC_y;LWJC_z;LEJC_x;LEJC_y;LEJC_z;LGHJC_x;LGHJC_y;LGHJC_z
-222.1007;61.7654;1106.261;-102.5042;281.9331;1182.207;-199.4226;302.0796;1483.2772
-53.8122971025998;-336.67362949663965;1185.2258115198676;-103.92707109638634;279.00683480921475;1182.1519428817792;-200.26246895462796;299.6015708538162;1483.6007049454277
-49.61095220180809;-344.36154500529574;1183.4134741930004;-105.1861375950099;276.10771009715825;1182.1507321020238;-201.04721499855393;297.2574510394838;1483.8289692715853
-49.4239;-344.228;1188.5775;-106.3905;273.3349;1182.108;-201.9417;295.1205;1483.9334
