LWJC_x;LWJC_y;LWJC_z;LEJC_x;LEJC_y;LEJC_z;LGHJC_x;LGHJC_y;LGHJC_z
-509.2026;324.543;1309.5082;-22.8025;349.4071;1165.5074;108.2251;-161.368;1579.2968
-2.0701706450392514;246.65530854929148;935.9351404536309;-22.89117562318923;350.0143597581151;1165.2564244433693;107.3809269627312;-161.55879522731766;1578.941209977107
5.226737104619406;249.4690004400997;938.0391810940594;-23.00981592457604;350.628706235188;1165.0248722354443;106.87724261979113;-161.6635159009634;1578.7461255000508
8.042283410504798;253.93908928521665;938.2885765554785;-23.147191608243585;351.2414296332564;1164.847465304925;106.3343907852305;-161.2989231602461;1578.3361914088478
8.578962950111832;258.1244022834985;942.1670608004099;-23.316640231813686;351.87081686857994;1164.6787037809277;105.83498764585421;-160.69005091340185;1578.1209665464276
9.09535418956465;260.8246065635817;944.1761986114216;-23.525269553038648;352.52189343760756;1164.5410330229997;105.29538137201531;-160.07448702243838;1577.8370236377723
9.379460791179655;262.4354473086985;945.1756515281666;-23.746195282227337;353.2082695928765;1164.422865279259;104.80451444375002;-159.03662743291187;1577.9317643426627
9.345238413218146;263.5370436164999;945.6130780631245;-23.972049583026447;353.90298212710655;1164.3425581214576;104.23052357631346;-158.1043223057066;1577.8956382594793
9.3473;264.0951;945.7825;-24.2289;354.6326;1164.3216;103.6729;-157.3538;1577.5389
