LWJC_x;LWJC_y;LWJC_z;LEJC_x;LEJC_y;LEJC_z;LGHJC_x;LGHJC_y;LGHJC_z
50.175;211.8072;909.36;13.0568;297.0942;1136.3067;-24.4664;312.0112;1459.3293
-174.9693719912283;-525.8582130340468;1120.6859145509482;13.146688978058142;297.5328506765489;1136.396396463625;-24.46074864951968;312.30707040803765;1459.3525756070892
-187.2563;-548.2361;1108.1195;13.1793;297.8928;1136.5075;-24.4927;312.7578;1459.4304
