LWJC_x;LWJC_y;LWJC_z;LEJC_x;LEJC_y;LEJC_z;LGHJC_x;LGHJC_y;LGHJC_z
-61.9345;-810.969;1229.5957;-5.8146;320.3266;1162.1532;446.4988;45.7839;646.0477
-49.35534502423726;-807.0285136977121;1225.8687504622112;-5.8453;320.3776;1162.1371;446.7677;46.1797;646.2873
-176.31755186408782;-753.7394180274848;1432.954949288073;-5.8727;320.42;1162.121;446.8852;46.4511;646.3322
-303.89597861090374;-701.4915328989089;1627.5651627498758;-5.8907;320.4583;1162.1125;447.1172;46.5472;646.5563
-303.89597861090374;-701.4915328989089;1627.5651627498758;-5.8991;320.4922;1162.1025;447.1172;46.6055;646.5563
-305.44713435375166;-697.7056764451911;1625.5318830191766;-5.914;320.5227;1162.097;447.0173;46.6055;646.4821
-181.4591474657972;-708.6559311176419;1431.7414265818663;-5.9299;320.5496;1162.0932;447.1225;46.7162;646.5563
-189.12509627216588;-686.9562626661675;1419.3084816051435;-5.9487;320.5699;1162.0872;447.0173;46.6055;646.4821
NaN;NaN;NaN;-5.9604;320.5831;1162.0872;446.976;46.6002;646.4233
NaN;NaN;NaN;-5.98;320.599;1162.0872;446.7401;46.3437;646.2759
NaN;NaN;NaN;-5.9992;320.6103;1162.0881;446.7401;46.3437;646.2759
NaN;NaN;NaN;-6.0146;320.6124;1162.0919;446.6973;46.2206;646.2759
NaN;NaN;NaN;-6.0423;320.6143;1162.0925;446.6973;46.1711;646.3726
-248.3460833696024;-646.4684790686501;1585.7123808346562;-6.0718;320.6165;1162.0964;446.7706;46.2032;646.4941
-244.2429934340547;-646.8613806640828;1581.8506394130804;-6.1062;320.6165;1162.0992;446.8507;46.2032;646.5848
-116.6133;-689.5542;1374.5159;-6.146;320.6165;1162.1021;446.8507;46.2032;646.6335
