LWJC_x;LWJC_y;LWJC_z;LEJC_x;LEJC_y;LEJC_z;LGHJC_x;LGHJC_y;LGHJC_z
9.397103031831875;-23.32523803560099;1351.3080493702257;-17.207;312.2914;1165.1541;83.7757;-234.5093;1538.3581
32.082311442483984;-34.475466127029165;1369.729825089043;-17.1348;311.9251;1165.1275;82.903;-235.185;1538.1929
