LWJC_x;LWJC_y;LWJC_z;LEJC_x;LEJC_y;LEJC_z;LGHJC_x;LGHJC_y;LGHJC_z
-104.8175;-470.1957;1500.8674;-1.4285;311.2976;1165.2377;435.6786;14.3706;650.658
-120.84020638576476;-474.14579852163587;1515.6240381134326;-1.4975;311.4928;1165.2017;435.3389;14.675;650.2573
-127.44428861199322;-473.47382163604607;1524.3289920997813;-1.5673;311.6676;1165.1611;435.3129;15.2344;650.2054
-130.96377877833802;-472.169483135758;1530.075088850243;-1.6298;311.828;1165.1277;434.645;15.4702;649.1511
-131.3224582194957;-469.8183792852257;1530.4602981861935;-1.6921;311.9806;1165.1158;434.645;15.6891;649.1511
-131.57555701080935;-468.1593448535278;1530.7321175495144;-1.7734;312.1336;1165.0878;434.493;15.7885;648.9221
-126.89938527506752;-445.90986984058765;1493.431476471157;-1.8944;312.252;1165.0816;434.4647;16.0127;648.9221
-128.9021;-384.3881;1542.5934;-1.9862;312.3901;1165.0442;434.4647;16.3919;649.3167
