LWJC_x;LWJC_y;LWJC_z;LEJC_x;LEJC_y;LEJC_z;LGHJC_x;LGHJC_y;LGHJC_z
-62.7762;320.7262;1355.7047;-31.9624;335.6011;1161.2608;59.6134;-194.4747;1561.4129
-42.84217179596297;288.40951901595804;1157.3606281344757;-32.5524;336.1962;1161.2902;NaN;NaN;NaN
-22.123446014760717;255.69738645886918;958.8136460036438;-33.1608;336.7673;1161.3138;NaN;NaN;NaN
-20.310022110936828;255.46319286971402;948.0109431942615;-33.7717;337.3277;1161.3411;NaN;NaN;NaN
-19.6273;255.4792;945.0861;-34.3351;337.8829;1161.3506;NaN;NaN;NaN
