LWJC_x;LWJC_y;LWJC_z;LEJC_x;LEJC_y;LEJC_z;LGHJC_x;LGHJC_y;LGHJC_z
-104.8175;-470.1957;1500.8674;-1.4285;311.2976;1165.2377;435.6786;14.3706;650.658
-118.9202883648612;-456.67901552375116;1521.019781087176;-1.5466287033160162;311.4689736208943;1165.2087736881986;435.5019083831252;14.926058617010508;650.4881125745826
-127.94425478085063;-455.82429136073176;1529.816961615546;-1.6488030394101876;311.63106076843394;1165.1897053467349;435.1214577393215;15.043451339904063;650.0909045355893
-133.32950063147922;-457.80106828406053;1533.7707833988984;-1.7429453069986223;311.777513336733;1165.1687566309765;434.898016765541;16.291848975872796;650.1603164491473
-132.30118107989506;-463.87402193637405;1531.9892440912326;-1.828033762328602;311.91363825595124;1165.1295186246898;434.75203036797564;16.31603514886798;649.9990086354442
-131.57555701080935;-468.1593448535278;1530.7321175495144;-1.9043564068945784;312.06941132245356;1165.102829756618;434.6755175104003;16.59713851736371;649.9755131285112
-98.36798702478495;-460.1399862971385;1531.6112666748122;-1.9266005532014479;312.2316177951813;1165.0593296628217;434.54296192073775;16.640783812186097;649.7977755863626
-128.9021;-384.3881;1542.5934;-1.9862;312.3901;1165.0442;434.4647;16.3919;649.3167
