LWJC_x;LWJC_y;LWJC_z;LEJC_x;LEJC_y;LEJC_z;LGHJC_x;LGHJC_y;LGHJC_z
5.1603;210.5764;945.0292;-6.7465;306.159;1165.4033;71.9761;-241.7117;1547.0843
-29.376671280825988;280.2748021316627;1337.4696921541486;-6.804;306.8034;1165.4403;NaN;NaN;NaN
-31.89291915085262;280.36510118569043;1350.3087979017241;-6.8483;307.4493;1165.4682;NaN;NaN;NaN
-32.2671;280.8245;1354.6127;-6.902;308.0625;1165.5033;NaN;NaN;NaN
