LWJC_x;LWJC_y;LWJC_z;LEJC_x;LEJC_y;LEJC_z;LGHJC_x;LGHJC_y;LGHJC_z
-6.802;230.2623;945.7943;-19.6721;329.1918;1164.1859;60.4231;-193.9673;1575.9419
-41.16157398198259;307.6842841657936;1338.677302332028;-19.78493709537064;329.28940439906506;1164.1962412374237;NaN;NaN;NaN
-42.87049078098687;309.2958339504481;1351.0021991788847;-19.903972202955096;329.3878274600249;1164.209966915318;NaN;NaN;NaN
-42.98996817978796;310.81195235954453;1354.6616254905862;-20.026825210676158;329.48618548139314;1164.21804021244;NaN;NaN;NaN
-42.88539856590769;311.60355740644434;1356.5868226092148;-20.127346584886173;329.54587556321303;1164.224009086644;NaN;NaN;NaN
-42.79354207348098;312.3149513239666;1357.6577282721523;-20.236269296144883;329.61743349737606;1164.216168485241;NaN;NaN;NaN
-42.6575;312.693;1358.2052;-20.3697;329.7107;1164.2082;NaN;NaN;NaN
