LWJC_x;LWJC_y;LWJC_z;LEJC_x;LEJC_y;LEJC_z;LGHJC_x;LGHJC_y;LGHJC_z
-45.7784;297.856;1360.0987;-18.8165;323.5825;1165.3329;436.1687;43.2926;656.4122
-2.429546860948322;229.25362190255137;967.0828318944699;-18.95390474763637;323.7326683025322;1165.3370456292155;100.95317857152781;-192.01469047508255;1539.7601137772858
0.6218605361203786;227.60804854893925;954.2584771066063;-19.089665385301934;323.86605842826674;1165.333274208111;79.47542966885692;-207.12559058072424;1560.609453360858
1.5187472663382224;228.6470229049378;950.2414451549365;-19.2180554906785;323.9979562359604;1165.3252368474111;79.23138617680718;-207.29728999142634;1560.8463564768206
2.0261939824747115;229.62277849752815;948.6391438556137;-19.339192765965148;324.1184925113324;1165.31792200937;79.19196190888094;-207.58122757162107;1560.7302239764103
2.5987581344304522;230.23561864251784;947.6933224778767;-19.46754413589516;324.2308581212217;1165.3059309480616;79.01794511087026;-207.67913600088426;1560.711750658103
2.9636;230.6778;947.0202;-19.5849;324.3268;1165.2953;79.0622;-207.9535;1560.5839
