LWJC_x;LWJC_y;LWJC_z;LEJC_x;LEJC_y;LEJC_z;LGHJC_x;LGHJC_y;LGHJC_z
6.9002;77.4136;1073.6047;5.725;294.493;1171.2264;11.5603;-280.4746;1519.9384
-155.31670610554207;346.9005859134084;784.2427124620681;5.9955;293.3802;1171.2703;9.8769;-280.3474;1522.7858
NaN;NaN;NaN;6.1348;292.346;1171.2703;8.3808;-280.3474;1523.0129
NaN;NaN;NaN;6.3604;291.2049;1171.2703;6.6111;-280.3474;1523.0129
NaN;NaN;NaN;6.398;290.2213;1171.1913;5.4976;-281.459;1523.1218
NaN;NaN;NaN;6.4398;289.2096;1171.0834;4.3051;-283.5003;1523.1218
NaN;NaN;NaN;6.5454;288.1161;1171.0267;3.2203;-284.2046;1522.6531
NaN;NaN;NaN;6.5607;287.2171;1170.8869;2.5466;-287.629;1519.3542
NaN;NaN;NaN;6.5689;286.2567;1170.7145;1.2009;-289.9562;1517.1819
NaN;NaN;NaN;6.6282;285.2788;1170.5976;-0.2714;-291.5902;1515.9728
NaN;NaN;NaN;6.6511;284.4674;1170.4424;-0.9895;-296.4446;1509.5766
NaN;NaN;NaN;6.7543;283.5139;1170.3017;-2.8017;-296.7642;1509.5766
NaN;NaN;NaN;6.8966;282.5816;1170.1873;-5.1546;-296.7642;1509.5766
NaN;NaN;NaN;7.2806;281.4792;1170.1707;-9.1154;-296.7642;1512.3798
NaN;NaN;NaN;7.5021;280.5332;1170.1038;-12.1075;-296.5352;1513.7274
NaN;NaN;NaN;7.7142;279.647;1170.1038;-14.9634;-296.3532;1514.8751
-97.06083536128155;99.32350559736311;1094.5038297190818;7.9653;278.6863;1170.1038;-18.0269;-295.1197;1517.4937
-105.5558654010652;93.75721154662672;1096.105421097652;8.1798;277.8073;1170.1185;-20.9147;-295.1197;1517.4937
-111.23444405572644;91.09215923646633;1093.3609934912217;8.3291;276.9712;1170.2026;-23.479;-295.1197;1517.4937
-115.4653;90.3522;1091.09;8.4383;276.2502;1170.3648;-25.7683;-296.3311;1517.4585
