LWJC_x;LWJC_y;LWJC_z;LEJC_x;LEJC_y;LEJC_z;LGHJC_x;LGHJC_y;LGHJC_z
-587.9856046497265;296.98756917896844;1296.0865394672114;-18.8165;323.5825;1165.3329;436.1687;43.2926;656.4122
-544.2263153296241;237.62318669306254;901.6148971123943;-18.9704;323.7145;1165.3145;78.8845;-208.6157;1526.431
-541.1825954648386;235.06806169309667;888.9385340650033;-19.1079;323.8458;1165.3049;78.8845;-208.6157;1559.962
-540.3408226228307;232.79430992579077;885.4540124905069;-19.2439;323.97;1165.3;78.8845;-208.6157;1560.343
-539.8744930966851;231.34952334246464;884.2407115790733;-19.3683;324.0873;1165.2953;78.9378;-208.322;1560.424
-539.3276110465782;230.452484346671;883.5377024089365;-19.485;324.2123;1165.2953;79.0622;-208.259;1560.5681
-538.9812263483757;229.80978941942584;883.0390154516732;-19.5849;324.3268;1165.2953;79.0622;-207.9535;1560.5839
