LWJC_x;LWJC_y;LWJC_z;LEJC_x;LEJC_y;LEJC_z;LGHJC_x;LGHJC_y;LGHJC_z
-34.5199;305.5649;1355.5698;-13.3398;325.3135;1161.3851;443.4339;50.7662;651.7063
4.596140023224979;231.84732655202993;962.4739807628521;-13.4254;325.6294;1161.3406;443.5703;51.8643;651.7063
5.512555637808262;230.9565187113889;950.6322138278715;-13.5317;325.9465;1161.2976;443.3327;51.8643;651.7063
7.014477274711851;231.04857771295627;946.8691377966396;-13.6163;326.2568;1161.2675;442.7757;51.8643;652.0598
8.432810572518948;231.77042192461263;945.0428861298561;-13.6894;326.562;1161.2664;113.6411;-197.3544;1527.6917
9.2806;232.2038;943.5696;-13.7838;326.8725;1161.2482;113.6411;-197.3544;1560.5008
