LWJC_x;LWJC_y;LWJC_z;LEJC_x;LEJC_y;LEJC_z;LGHJC_x;LGHJC_y;LGHJC_z
-646.355945468882;672.0697300800407;1117.799386639092;-1.4285;311.2976;1165.2377;435.6786;14.3706;650.658
-636.1579336046528;672.429371902183;1104.3524352051495;-1.4975;311.4928;1165.2017;435.3389;14.675;650.2573
-627.099863281557;673.087808139456;1098.2401931751497;-1.5673;311.6676;1165.1611;435.3129;15.2344;650.2054
-620.8823448850508;673.6104441521613;1095.3809879696196;-1.6298;311.828;1165.1277;434.645;15.4702;649.1511
-619.173991556408;672.4163195643075;1096.5894257475784;-1.6921;311.9806;1165.1158;434.645;15.6891;649.1511
-617.9685080159502;671.5736967228972;1097.4421485576509;-1.7734;312.1336;1165.0878;434.493;15.7885;648.9221
-636.0975768693128;641.1615211635858;1123.0288635787251;-1.8944;312.252;1165.0816;434.4647;16.0127;648.9221
-611.4230092166939;633.3918166443307;1201.2726172461573;-1.9862;312.3901;1165.0442;434.4647;16.3919;649.3167
