LWJC_x;LWJC_y;LWJC_z;LEJC_x;LEJC_y;LEJC_z;LGHJC_x;LGHJC_y;LGHJC_z
-520.7813652042729;238.69769226697358;896.3548452837617;-3.2147;303.0114;1170.1561;53.4828;-230.3339;1572.1523
-520.67791215304;239.05747327799978;896.5464934778454;-3.3022;303.1531;1170.1641;53.5819;-230.0709;1572.2576
-520.4375840110421;239.76778080426993;896.5983287196002;-3.385;303.3012;1170.1655;53.6777;-229.7856;1572.3843
-520.3863133452224;240.0726739376627;896.7019931109617;-3.4761;303.4582;1170.168;53.7365;-229.4515;1572.6141
-563.0313173399304;319.30144846687074;1284.6641503127967;-3.5689;303.6244;1170.168;53.801;-229.1718;1572.7449
-565.3708347931961;324.41841230251356;1295.858394208683;-3.6815;303.813;1170.1655;53.801;-228.9671;1572.7449
