LWJC_x;LWJC_y;LWJC_z;LEJC_x;LEJC_y;LEJC_z;LGHJC_x;LGHJC_y;LGHJC_z
5.1603;210.5764;945.0292;-6.7465;306.159;1165.4033;71.9761;-241.7117;1547.0843
-29.376671280825974;280.2748021316627;1337.4696921541486;-6.794375149272353;306.80451380475836;1165.4340653693068;NaN;NaN;NaN
-31.634253481678442;280.2218471311472;1350.3570042103656;-6.855441170474034;307.44841587136546;1165.473924868472;NaN;NaN;NaN
-32.2671;280.8245;1354.6127;-6.902;308.0625;1165.5033;NaN;NaN;NaN
